Atelectasis_auc,Cardiomegaly_auc,Consolidation_auc,Edema_auc,Enlarged Cardiomediastinum_auc,Fracture_auc,Lung Lesion_auc,Lung Opacity_auc,No Finding_auc,Pleural Effusion_auc,Pleural Other_auc,Pneumonia_auc,Pneumothorax_auc,Support Devices_auc
0.8485619031474262,0.7305831230194122,0.8323449740098103,0.8525641025641025,0.7804803891760413,0.5143434343434343,0.6867378048780488,0.9176136363636364,0.7860693769332744,0.9121503496503496,0.7303427419354839,0.7930842163970999,0.6671192577506223,0.8612994757851199
