heart_failure_auc,hfref_auc,hfpef_auc,atrial_fibrillation_auc,mitral_valve_auc,aortic_valve_auc,tricuspid_valve_auc,cad_auc,myocardial_infarction_auc,pulmonary_htn_auc,stroke_auc,copd_auc,asthma_auc,ild_auc,lung_cancer_auc,tuberculosis_auc,t2dm_auc,obesity_auc,dyslipidemia_auc,osteoporosis_auc,spinal_stenosis_auc,hypertension_auc,ckd_auc,pvd_auc,liver_cirrhosis_auc,anemia_auc
0.6611997257080975,0.6957908056309305,0.670681219603624,0.6365080138750112,0.6871917345210043,0.7180594657293907,0.7740285530270502,0.5677212743217943,0.728903255781119,0.5487434506421848,0.6198074086443461,0.634135039299157,0.529247049678468,0.6750652514355316,0.7639002388735228,0.632249185149853,0.5118954690157429,0.4629699098687283,0.5335781064143943,0.6245655021429828,0.7812674902054849,0.5251741413473793,0.5886516066672576,0.525010665294472,0.6408529197964623,0.5926268498942917
