{
  "timestamp": "20260305_085405",
  "method": "baseline_clip_zeroshot_mimic (no concepts)",
  "n_test_images": 4217,
  "n_labels": 27,
  "n_eval_labels": 26,
  "labels": [
    "heart_failure",
    "hfref",
    "hfpef",
    "atrial_fibrillation",
    "mitral_valve",
    "aortic_valve",
    "tricuspid_valve",
    "pulmonary_valve",
    "cad",
    "myocardial_infarction",
    "pulmonary_htn",
    "stroke",
    "copd",
    "asthma",
    "ild",
    "lung_cancer",
    "tuberculosis",
    "t2dm",
    "obesity",
    "dyslipidemia",
    "osteoporosis",
    "spinal_stenosis",
    "hypertension",
    "ckd",
    "pvd",
    "liver_cirrhosis",
    "anemia"
  ],
  "eval_labels": [
    "heart_failure",
    "hfref",
    "hfpef",
    "atrial_fibrillation",
    "mitral_valve",
    "aortic_valve",
    "tricuspid_valve",
    "cad",
    "myocardial_infarction",
    "pulmonary_htn",
    "stroke",
    "copd",
    "asthma",
    "ild",
    "lung_cancer",
    "tuberculosis",
    "t2dm",
    "obesity",
    "dyslipidemia",
    "osteoporosis",
    "spinal_stenosis",
    "hypertension",
    "ckd",
    "pvd",
    "liver_cirrhosis",
    "anemia"
  ],
  "mean_core_auc": 0.6473349709942903,
  "mean_all_auc": 0.6280701666372417,
  "per_label_aucs": {
    "heart_failure": 0.6611997257080975,
    "hfref": 0.6957908056309305,
    "hfpef": 0.670681219603624,
    "atrial_fibrillation": 0.6365080138750112,
    "mitral_valve": 0.6871917345210043,
    "aortic_valve": 0.7180594657293907,
    "tricuspid_valve": 0.7740285530270502,
    "cad": 0.5677212743217943,
    "myocardial_infarction": 0.728903255781119,
    "pulmonary_htn": 0.5487434506421848,
    "stroke": 0.6198074086443461,
    "copd": 0.634135039299157,
    "asthma": 0.529247049678468,
    "ild": 0.6750652514355316,
    "lung_cancer": 0.7639002388735228,
    "tuberculosis": 0.632249185149853,
    "t2dm": 0.5118954690157429,
    "obesity": 0.4629699098687283,
    "dyslipidemia": 0.5335781064143943,
    "osteoporosis": 0.6245655021429828,
    "spinal_stenosis": 0.7812674902054849,
    "hypertension": 0.5251741413473793,
    "ckd": 0.5886516066672576,
    "pvd": 0.525010665294472,
    "liver_cirrhosis": 0.6408529197964623,
    "anemia": 0.5926268498942917
  },
  "model_path": "/cbica/projects/CXR/codes/clear_card/checkpoints/dinov3-vit7b16-lora-r32-a64-combined_vit7b16_20260224_144733/best_model.pt",
  "normalization": {
    "mean": [
      101.48761,
      101.48761,
      101.48761
    ],
    "std": [
      83.43944,
      83.43944,
      83.43944
    ]
  },
  "resolution": 448
}