Atelectasis_auc,Cardiomegaly_auc,Consolidation_auc,Edema_auc,Enlarged Cardiomediastinum_auc,Fracture_auc,Lung Lesion_auc,Lung Opacity_auc,No Finding_auc,Pleural Effusion_auc,Pleural Other_auc,Pneumonia_auc,Pneumothorax_auc,Support Devices_auc
0.8257614284907047,0.7668266950037002,0.8339556336481442,0.8621642969984202,0.8041477972828086,0.4892929292929293,0.7159552845528455,0.809201656394453,0.906576815436736,0.9067113442113441,0.6491935483870968,0.7616657371258598,0.783887757411179,0.9277160582888472
