Atelectasis_auc,Cardiomegaly_auc,Consolidation_auc,Edema_auc,Enlarged Cardiomediastinum_auc,Fracture_auc,Lung Lesion_auc,Lung Opacity_auc,No Finding_auc,Pleural Effusion_auc,Pleural Other_auc,Pneumonia_auc,Pneumothorax_auc,Support Devices_auc
0.8094969015464015,0.7412474620011764,0.7808770773848746,0.8176570664722324,0.7856811380838842,0.4698989898989899,0.6440548780487805,0.283834103749358,0.4372698482839888,0.8623737373737373,0.38961693548387094,0.7836029001673174,0.7621633853813079,0.8546305647734015
