Atelectasis_auc,Cardiomegaly_auc,Consolidation_auc,Edema_auc,Enlarged Cardiomediastinum_auc,Fracture_auc,Lung Lesion_auc,Lung Opacity_auc,No Finding_auc,Pleural Effusion_auc,Pleural Other_auc,Pneumonia_auc,Pneumothorax_auc,Support Devices_auc
0.8536098397091786,0.7560295261769672,0.8116260341166996,0.8299914934986026,0.7930101934678595,0.4509090909090909,0.6656504065040649,0.9322194401643554,0.20656576815436736,0.9105113636363636,0.623991935483871,0.7451199107640825,0.6818284679791808,0.8674874557142629
