heart_failure_auc,hfref_auc,hfpef_auc,atrial_fibrillation_auc,mitral_valve_auc,aortic_valve_auc,tricuspid_valve_auc,cad_auc,myocardial_infarction_auc,pulmonary_htn_auc,stroke_auc,copd_auc,asthma_auc,ild_auc,lung_cancer_auc,tuberculosis_auc,t2dm_auc,obesity_auc,dyslipidemia_auc,osteoporosis_auc,spinal_stenosis_auc,hypertension_auc,ckd_auc,pvd_auc,liver_cirrhosis_auc,anemia_auc
0.7398617720976167,0.712026730820188,0.641435706948508,0.7008675073373,0.7038189450609368,0.7517588496220003,0.8358505080864462,0.6763219863209251,0.7260244961349758,0.7092545489471347,0.6751593331663466,0.6303309851810416,0.43460297269922027,0.7441676091874021,0.6481125848629621,0.6977353128229589,0.5409455073294418,0.5916173114315337,0.5494064267734985,0.5909338637562831,0.5810995842328296,0.6063092914662727,0.6266698745140745,0.6482300009235925,0.5927173357025549,0.6544390139105214
