{
  "timestamp": "20260305_085736",
  "method": "concept_zeroshot_mimic_phenotype",
  "embedding_model": "kalm_gemma3_12b",
  "n_concepts": 492021,
  "n_test_images": 4217,
  "n_labels": 27,
  "n_eval_labels": 26,
  "labels": [
    "heart_failure",
    "hfref",
    "hfpef",
    "atrial_fibrillation",
    "mitral_valve",
    "aortic_valve",
    "tricuspid_valve",
    "pulmonary_valve",
    "cad",
    "myocardial_infarction",
    "pulmonary_htn",
    "stroke",
    "copd",
    "asthma",
    "ild",
    "lung_cancer",
    "tuberculosis",
    "t2dm",
    "obesity",
    "dyslipidemia",
    "osteoporosis",
    "spinal_stenosis",
    "hypertension",
    "ckd",
    "pvd",
    "liver_cirrhosis",
    "anemia"
  ],
  "eval_labels": [
    "heart_failure",
    "hfref",
    "hfpef",
    "atrial_fibrillation",
    "mitral_valve",
    "aortic_valve",
    "tricuspid_valve",
    "cad",
    "myocardial_infarction",
    "pulmonary_htn",
    "stroke",
    "copd",
    "asthma",
    "ild",
    "lung_cancer",
    "tuberculosis",
    "t2dm",
    "obesity",
    "dyslipidemia",
    "osteoporosis",
    "spinal_stenosis",
    "hypertension",
    "ckd",
    "pvd",
    "liver_cirrhosis",
    "anemia"
  ],
  "mean_core_auc": 0.6822758866014317,
  "mean_all_auc": 0.6542191075108368,
  "per_label_aucs": {
    "heart_failure": 0.7398618956080195,
    "hfref": 0.7120269404539493,
    "hfpef": 0.6414337596331258,
    "atrial_fibrillation": 0.70086692708424,
    "mitral_valve": 0.7038189450609367,
    "aortic_valve": 0.7517588496220003,
    "tricuspid_valve": 0.8358460354944898,
    "cad": 0.6763217336597716,
    "myocardial_infarction": 0.7260238804892004,
    "pulmonary_htn": 0.7092545489471349,
    "stroke": 0.6751648993904984,
    "copd": 0.6303302740985844,
    "asthma": 0.434605917131887,
    "ild": 0.7441686967113277,
    "lung_cancer": 0.6481110133266281,
    "tuberculosis": 0.6977303442245011,
    "t2dm": 0.5409461303164151,
    "obesity": 0.5916189676474778,
    "dyslipidemia": 0.5494065762806333,
    "osteoporosis": 0.5909367565516028,
    "spinal_stenosis": 0.581097085632046,
    "hypertension": 0.6063089528675026,
    "ckd": 0.6266697237693655,
    "pvd": 0.6482305506810396,
    "liver_cirrhosis": 0.5927186818512237,
    "anemia": 0.6544387087481507
  },
  "model_path": "/cbica/projects/CXR/codes/clear_card/checkpoints/dinov3-vit7b16-lora-r32-a64-combined_vit7b16_20260224_144733/best_model.pt",
  "normalization": {
    "mean": [
      101.48761,
      101.48761,
      101.48761
    ],
    "std": [
      83.43944,
      83.43944,
      83.43944
    ]
  },
  "resolution": 448
}