{
  "timestamp": "20260303_235811",
  "method": "concept_zeroshot_mimic_phenotype",
  "embedding_model": "kalm_gemma3_12b",
  "n_concepts": 492021,
  "n_test_images": 4217,
  "n_labels": 27,
  "n_eval_labels": 26,
  "labels": [
    "heart_failure",
    "hfref",
    "hfpef",
    "atrial_fibrillation",
    "mitral_valve",
    "aortic_valve",
    "tricuspid_valve",
    "pulmonary_valve",
    "cad",
    "myocardial_infarction",
    "pulmonary_htn",
    "stroke",
    "copd",
    "asthma",
    "ild",
    "lung_cancer",
    "tuberculosis",
    "t2dm",
    "obesity",
    "dyslipidemia",
    "osteoporosis",
    "spinal_stenosis",
    "hypertension",
    "ckd",
    "pvd",
    "liver_cirrhosis",
    "anemia"
  ],
  "eval_labels": [
    "heart_failure",
    "hfref",
    "hfpef",
    "atrial_fibrillation",
    "mitral_valve",
    "aortic_valve",
    "tricuspid_valve",
    "cad",
    "myocardial_infarction",
    "pulmonary_htn",
    "stroke",
    "copd",
    "asthma",
    "ild",
    "lung_cancer",
    "tuberculosis",
    "t2dm",
    "obesity",
    "dyslipidemia",
    "osteoporosis",
    "spinal_stenosis",
    "hypertension",
    "ckd",
    "pvd",
    "liver_cirrhosis",
    "anemia"
  ],
  "mean_core_auc": 0.6822764778144595,
  "mean_all_auc": 0.6542191561283295,
  "per_label_aucs": {
    "heart_failure": 0.7398617720976167,
    "hfref": 0.712026730820188,
    "hfpef": 0.641435706948508,
    "atrial_fibrillation": 0.7008675073373,
    "mitral_valve": 0.7038189450609368,
    "aortic_valve": 0.7517588496220003,
    "tricuspid_valve": 0.8358505080864462,
    "cad": 0.6763219863209251,
    "myocardial_infarction": 0.7260244961349758,
    "pulmonary_htn": 0.7092545489471347,
    "stroke": 0.6751593331663466,
    "copd": 0.6303309851810416,
    "asthma": 0.43460297269922027,
    "ild": 0.7441676091874021,
    "lung_cancer": 0.6481125848629621,
    "tuberculosis": 0.6977353128229589,
    "t2dm": 0.5409455073294418,
    "obesity": 0.5916173114315337,
    "dyslipidemia": 0.5494064267734985,
    "osteoporosis": 0.5909338637562831,
    "spinal_stenosis": 0.5810995842328296,
    "hypertension": 0.6063092914662727,
    "ckd": 0.6266698745140745,
    "pvd": 0.6482300009235925,
    "liver_cirrhosis": 0.5927173357025549,
    "anemia": 0.6544390139105214
  },
  "model_path": "/cbica/projects/CXR/codes/clear_card/checkpoints/dinov3-vit7b16-lora-r32-a64-combined_vit7b16_20260224_144733/best_model.pt",
  "normalization": {
    "mean": [
      101.48761,
      101.48761,
      101.48761
    ],
    "std": [
      83.43944,
      83.43944,
      83.43944
    ]
  },
  "resolution": 448
}