{
  "timestamp": "20260305_062012",
  "method": "concept_linear_probing_mimic_phenotype",
  "model_path": "/cbica/projects/CXR/codes/clear_card/checkpoints/dinov3-vit7b16-lora-r32-a64-combined_vit7b16_20260224_144733/best_model.pt",
  "normalization": {
    "mean": [
      101.48761,
      101.48761,
      101.48761
    ],
    "std": [
      83.43944,
      83.43944,
      83.43944
    ]
  },
  "resolution": 448,
  "embedding_model": "kalm_gemma3_12b",
  "n_seeds": 5,
  "seeds": [
    42,
    43,
    44,
    45,
    46
  ],
  "n_concepts": 492021,
  "n_train": 294039,
  "n_val": 2363,
  "n_test": 4217,
  "test_mean_auc": {
    "mean": 0.7012020055628063,
    "std": 0.00011476523225640583
  },
  "test_core_auc": {
    "mean": 0.7350755516014397,
    "std": 0.00021385220045350926
  },
  "val_auc": {
    "mean": 0.7529548819614532,
    "std": 3.4030451137289694e-05
  },
  "per_label_stats": {
    "heart_failure": {
      "mean": 0.7936516641050608,
      "std": 9.84720177535923e-05
    },
    "hfref": {
      "mean": 0.7899866756781233,
      "std": 0.0001650279577942251
    },
    "hfpef": {
      "mean": 0.6774543719664479,
      "std": 0.00040430218524667406
    },
    "atrial_fibrillation": {
      "mean": 0.7726026844827565,
      "std": 0.0002575191190471041
    },
    "mitral_valve": {
      "mean": 0.713259205888653,
      "std": 0.0007282714740931855
    },
    "aortic_valve": {
      "mean": 0.9099101777210438,
      "std": 0.00010800494308766894
    },
    "tricuspid_valve": {
      "mean": 0.7926898168026335,
      "std": 0.0007066125494036888
    },
    "cad": {
      "mean": 0.7456661790306401,
      "std": 0.00020418169226225422
    },
    "myocardial_infarction": {
      "mean": 0.7492892164306827,
      "std": 0.00025441182419987937
    },
    "pulmonary_htn": {
      "mean": 0.7079388483728447,
      "std": 0.0007475286106250641
    },
    "stroke": {
      "mean": 0.6356522223149926,
      "std": 0.00038128594810754634
    },
    "copd": {
      "mean": 0.6763950963753756,
      "std": 0.00011109297967099801
    },
    "asthma": {
      "mean": 0.46511907285704196,
      "std": 0.00017745604936719606
    },
    "ild": {
      "mean": 0.6974817295980511,
      "std": 0.00014225145518123665
    },
    "lung_cancer": {
      "mean": 0.7169088928002681,
      "std": 0.000266897192583488
    },
    "tuberculosis": {
      "mean": 0.7483285634788139,
      "std": 0.0001719336096182793
    },
    "t2dm": {
      "mean": 0.5969923434900977,
      "std": 4.701544047023973e-05
    },
    "obesity": {
      "mean": 0.7708161500929137,
      "std": 6.19322901850533e-05
    },
    "dyslipidemia": {
      "mean": 0.6531693718487633,
      "std": 3.685302047146762e-05
    },
    "osteoporosis": {
      "mean": 0.5892346357854981,
      "std": 0.0002476059760598276
    },
    "spinal_stenosis": {
      "mean": 0.5930049172463421,
      "std": 0.001087952182802199
    },
    "hypertension": {
      "mean": 0.6381831738081661,
      "std": 0.00029423269810631723
    },
    "ckd": {
      "mean": 0.6470586692377684,
      "std": 0.00010252193652311849
    },
    "pvd": {
      "mean": 0.7278496127508544,
      "std": 0.00028052208593224386
    },
    "liver_cirrhosis": {
      "mean": 0.7277683547370971,
      "std": 0.0002634217240160142
    },
    "anemia": {
      "mean": 0.6948404977320333,
      "std": 0.000293580640048647
    }
  }
}